sylvia.evelyn@icloud.com,sylvia,evelyn,Mexico,Biləcəri,151066547
andye.cichy@hotmail.com,andye,cichy,Morocco,Kattāri,267432085
marion.sandeep@icloud.com,marion,sandeep,Syria,West Carrollton,929812981
aman.jellins@gmail.com,aman,jellins,Ukraine,Marosakoa,284188754
alyx.mark@outlook.com,alyx,mark,United Kingdom,Chīrāla,600428662
nosheen.friens@outlook.com,nosheen,friens,Japan,Kamuli,750761768
caroline.annka@outlook.com,caroline,annka,Slovenia,Starachowice,472905294
parking.sarette@outlook.com,parking,sarette,Cuba,Alapayevsk,577183792
lotus.staba@outlook.com,lotus,staba,Pakistan,São João Batista,780451369
salavador.zabala@icloud.com,salavador,zabala,Russia,Alto Paraná,008186125
estefania.macknxziie@icloud.com,estefania,macknxziie,Australia,Bhāndāria,779301808
jeri.moens@yahoo.com,jeri,moens,United States,Normandia,024486913
kortney.callaway@gmail.com,kortney,callaway,Norway,Sergiyevsk,929920105
rafal.natlie@hotmail.com,rafal,natlie,Spain,Las Delicias,913877683
brianne.osband@hotmail.com,brianne,osband,United States,Soye,122925273
rebeca.zuart@outlook.com,rebeca,zuart,Brazil,Ban Khlong,848046927
angel.carmen@yahoo.com,angel,carmen,Brazil,Kara-Suu,568695097
touriya.mejia@outlook.com,touriya,mejia,United States,Palkūr,789766798
jair.deakin@yahoo.com,jair,deakin,Oman,Ghorādongri,875464763
jud.borman@icloud.com,jud,borman,El Salvador,Koropí,661255662
keating.olaru@yahoo.com,keating,olaru,Spain,Petaling Jaya,205453490
port.lustgarten@icloud.com,port,lustgarten,Afghanistan,Baiquan,161656711
geoffrey.rendon@icloud.com,geoffrey,rendon,Malaysia,Talisay,604464348
maestro.hawila@icloud.com,maestro,hawila,United States,Las Breñas,440445902
prakash.atteberry@hotmail.com,prakash,atteberry,Syria,Mayūreswar,327768045
staff.eguiarte@outlook.com,staff,eguiarte,United States,Tangjia,507756340
labedz.patricia@outlook.com,labedz,patricia,Honduras,Paso del Macho,076754295
petra.penhaskashi@yahoo.com,petra,penhaskashi,United States,Erfelek,486685101
gunnar.cate@yahoo.com,gunnar,cate,Madagascar,Franklin,003372512
hargreaves.jacobson@icloud.com,hargreaves,jacobson,Cuba,Balussheri,534223161
kael.galsky@outlook.com,kael,galsky,Colombia,Navani,453885617
fdferg.shafran@yahoo.com,fdferg,shafran,India,Sande,037053222
touriya.berezdivin@outlook.com,touriya,berezdivin,India,Rankhandi,619238092
lourdes.della@icloud.com,lourdes,della,United Kingdom,Coruripe,549312866
levi.domingue@icloud.com,levi,domingue,United States,Elumalai,221302301
ted.charters@gmail.com,ted,charters,China,Elyria,739568230
phillipp.dhatri@yahoo.com,phillipp,dhatri,India,Steamboat Springs,373148727
forrest.krestow@hotmail.com,forrest,krestow,India,Valrico,243315952
inna.schweizer@outlook.com,inna,schweizer,Mongolia,Mawanella,644917338
jisoo.fink@hotmail.com,jisoo,fink,Puerto Rico,Smižany,507708795
oly.sheffman@yahoo.com,oly,sheffman,Haiti,Tandrano,004238694
surrie.bales@icloud.com,surrie,bales,Romania,Little Hulton,670172654
alixandra.schönborn@hotmail.com,alixandra,schönborn,India,Kokologo,412213082
ivona.friedman@gmail.com,ivona,friedman,Norway,Marsberg,031417761
clases.galvin@icloud.com,clases,galvin,India,Pingree Grove,744227117
wendy.bamford@yahoo.com,wendy,bamford,United States,Guthrie,987979871
lizette.terry@yahoo.com,lizette,terry,United States,Kumba,867936742
family.weyn@outlook.com,family,weyn,Egypt,Sanmu,563906235
darlenes.philippa@yahoo.com,darlenes,philippa,Brazil,Šavnik,112858907
nima.mcgregor@outlook.com,nima,mcgregor,India,Timargara,089969798
vivien.lam@hotmail.com,vivien,lam,Poland,Ariyalūr,579531449
ronit.aponte@gmail.com,ronit,aponte,Poland,Mūḩ Ḩasan,469915500
dierkes.billingsley@outlook.com,dierkes,billingsley,Yemen,Jefferson Valley-Yorktown,574745567
katharine.acevedo@icloud.com,katharine,acevedo,India,Kunisakimachi-tsurugawa,397561939
leigha.verdicchio@hotmail.com,leigha,verdicchio,Brazil,Winter Springs,390886585
patrick.melissa´s@icloud.com,patrick,melissa´s,United States,Dāchepalle,126026664
aura.irene@hotmail.com,aura,irene,United States,Beidaying,423231817
tania.ponson@yahoo.com,tania,ponson,Algeria,Muchun,072978187
sopal.callum@hotmail.com,sopal,callum,United States,Ordu,216376124
jasroop.garibay@gmail.com,jasroop,garibay,Germany,Coria del Río,509528478
fuentes.ozlanska@gmail.com,fuentes,ozlanska,Malta,Alcudia,545520577
rosalina.lage@outlook.com,rosalina,lage,Slovakia,San Fausto de Campcentellas,902500823
dogan.hoffman@yahoo.com,dogan,hoffman,United States,Valuyki,334122578
giorgio.catona@gmail.com,giorgio,catona,India,Aksay,479741199
ramandeep.garcia@hotmail.com,ramandeep,garcia,Croatia,Geesthacht,311707739
montserrat.cruzcosa@gmail.com,montserrat,cruzcosa,United States,Damua,534066777
vaishali.allum@hotmail.com,vaishali,allum,China,Groß-Gerau,371882847
haas.parrish@outlook.com,haas,parrish,Morocco,Mure,311919582
taso.bts@hotmail.com,taso,bts,Fiji,Panaji,541829690
maximiliano.tex@hotmail.com,maximiliano,tex,Japan,Royton,794074973
family.das@icloud.com,family,das,United States,El Abiodh Sidi Cheikh,524215929
marice.petersen@yahoo.com,marice,petersen,Pakistan,Tipton,350694466
mayra.galsky@icloud.com,mayra,galsky,Portugal,Umbrete,274437308
trefor.radford@outlook.com,trefor,radford,Zimbabwe,Ambolomadinika,375372756
bryan.leder@outlook.com,bryan,leder,Australia,Visby,415728190
alessandro.heiser@yahoo.com,alessandro,heiser,United States,Sebba,427915447
antonio.murillo@hotmail.com,antonio,murillo,Spain,Shek Tong Tsui,694999735
donald.shannkhappa@outlook.com,donald,shannkhappa,Yemen,Alvorada D’Oeste,128380189
dhana.ibarra@gmail.com,dhana,ibarra,Madagascar,Tena,508748875
ruby.liutjen@yahoo.com,ruby,liutjen,Kazakhstan,Woodinville,788796348
betts.ferragni@outlook.com,betts,ferragni,Paraguay,Almeirim,220863778
rangel.rienzie@yahoo.com,rangel,rienzie,Czechia,Shepherdsville,651526498
poul.canfield@gmail.com,poul,canfield,Colombia,Céu Azul,314752256
faulkner.mcmaster@hotmail.com,faulkner,mcmaster,Greece,Upperu,958058812
axel.bennett@hotmail.com,axel,bennett,Congo (Kinshasa),Karlovy Vary,653484065
iris.grey@outlook.com,iris,grey,India,Pieve di Soligo,177419154
lilia.tarallo@hotmail.com,lilia,tarallo,India,Musselburgh,822150531
monia.logbo@icloud.com,monia,logbo,United States,Beek,758418811
sybille.ustaran@gmail.com,sybille,ustaran,Taiwan,Redlands,185902936
guy.sauer@outlook.com,guy,sauer,Argentina,Ayas,016442770
emely.faas@gmail.com,emely,faas,Mexico,Konnūr,792196391
sylvain.wojcik@outlook.com,sylvain,wojcik,Turkey,Maranello,808087084
manpreet.isabelle@hotmail.com,manpreet,isabelle,Cameroon,Hunters Creek,135804556
butler.winner@outlook.com,butler,winner,Turkey,Ammāpettai,827866303
nelson.barr@yahoo.com,nelson,barr,Mexico,Clayton,617255049
hayes.dromgool@yahoo.com,hayes,dromgool,Greece,Bilehra,657308658
kendal.troni@outlook.com,kendal,troni,United States,Busto Garolfo,691971270
libbey.lamas@outlook.com,libbey,lamas,India,Hamlin,791045467
jehan.carbone@hotmail.com,jehan,carbone,Serbia,Appleton,924073717
harcemo.nunag@outlook.com,harcemo,nunag,Spain,Kambarka,957659915
